[
{
    "model": "webapp.article",
    "pk": 1,
    "fields": {
        "created_at": "2025-06-20T13:47:59.880Z",
        "updated_at": "2025-07-09T13:51:37.071Z",
        "title": "статья1",
        "content": "контент1",
        "author": 1,
        "status": "new"
    }
},
{
    "model": "webapp.article",
    "pk": 2,
    "fields": {
        "created_at": "2025-06-20T13:49:03.867Z",
        "updated_at": "2025-07-09T13:51:37.069Z",
        "title": "статья2",
        "content": "контент2",
        "author": 1,
        "status": "moderated"
    }
},
{
    "model": "webapp.article",
    "pk": 3,
    "fields": {
        "created_at": "2025-06-20T13:49:13.470Z",
        "updated_at": "2025-07-09T13:51:37.067Z",
        "title": "тест",
        "content": "тест",
        "author": 1,
        "status": "new"
    }
},
{
    "model": "webapp.article",
    "pk": 4,
    "fields": {
        "created_at": "2025-06-20T14:15:46.804Z",
        "updated_at": "2025-07-09T13:51:37.071Z",
        "title": "лалала",
        "content": "сывсвы",
        "author": 1,
        "status": "new"
    }
},
{
    "model": "webapp.article",
    "pk": 5,
    "fields": {
        "created_at": "2025-06-20T14:23:12.292Z",
        "updated_at": "2025-07-09T13:51:37.068Z",
        "title": "Статья из консоли",
        "content": "test",
        "author": 1,
        "status": "new"
    }
},
{
    "model": "webapp.article",
    "pk": 7,
    "fields": {
        "created_at": "2025-06-20T14:26:44.971Z",
        "updated_at": "2025-07-09T13:51:37.069Z",
        "title": "Статья из консоли333333",
        "content": "test",
        "author": 1,
        "status": "new"
    }
},
{
    "model": "webapp.article",
    "pk": 8,
    "fields": {
        "created_at": "2025-06-20T14:32:12.444Z",
        "updated_at": "2025-07-09T13:51:37.072Z",
        "title": "11ww",
        "content": "1111xasxw",
        "author": 1,
        "status": "new"
    }
},
{
    "model": "webapp.article",
    "pk": 28,
    "fields": {
        "created_at": "2025-07-02T13:26:16.972Z",
        "updated_at": "2025-07-09T13:51:37.073Z",
        "title": "444",
        "content": "cds",
        "author": 1,
        "status": "moderated"
    }
},
{
    "model": "webapp.article",
    "pk": 29,
    "fields": {
        "created_at": "2025-07-02T13:34:10.326Z",
        "updated_at": "2025-07-09T13:51:37.072Z",
        "title": "vsd",
        "content": "dsv",
        "author": 1,
        "status": "new"
    }
},
{
    "model": "webapp.article",
    "pk": 30,
    "fields": {
        "created_at": "2025-07-02T13:34:42.112Z",
        "updated_at": "2025-07-09T13:51:37.073Z",
        "title": "sdddd@mail.ru",
        "content": "s",
        "author": 1,
        "status": "new"
    }
},
{
    "model": "webapp.article",
    "pk": 38,
    "fields": {
        "created_at": "2025-07-04T13:04:11.670Z",
        "updated_at": "2025-07-09T13:51:37.073Z",
        "title": "2222",
        "content": "cds",
        "author": 1,
        "status": "moderated"
    }
},
{
    "model": "webapp.article",
    "pk": 39,
    "fields": {
        "created_at": "2025-07-04T13:04:29.339Z",
        "updated_at": "2025-07-15T13:16:42.898Z",
        "title": "333ssss",
        "content": "cds",
        "author": 1,
        "status": "moderated"
    }
},
{
    "model": "webapp.article",
    "pk": 40,
    "fields": {
        "created_at": "2025-07-04T13:23:23.749Z",
        "updated_at": "2025-07-09T13:51:37.074Z",
        "title": "test article slug",
        "content": "sacsacsa",
        "author": 1,
        "status": "moderated"
    }
},
{
    "model": "webapp.article",
    "pk": 42,
    "fields": {
        "created_at": "2025-07-04T13:27:03.450Z",
        "updated_at": "2025-07-18T13:27:34.867Z",
        "title": "статья для слага 1",
        "content": "свы",
        "author": 1,
        "status": "moderated"
    }
},
{
    "model": "webapp.article",
    "pk": 43,
    "fields": {
        "created_at": "2025-07-04T13:42:22.464Z",
        "updated_at": "2025-07-09T13:51:37.063Z",
        "title": "статья тестируем новую функцию",
        "content": "мвы",
        "author": 1,
        "status": "moderated"
    }
},
{
    "model": "webapp.article",
    "pk": 44,
    "fields": {
        "created_at": "2025-07-04T13:43:03.969Z",
        "updated_at": "2025-07-09T13:51:37.064Z",
        "title": "статья тестируем новую функцию1",
        "content": "свысвысвы",
        "author": 1,
        "status": "moderated"
    }
},
{
    "model": "webapp.article",
    "pk": 45,
    "fields": {
        "created_at": "2025-07-04T14:15:12.530Z",
        "updated_at": "2025-07-09T13:51:37.064Z",
        "title": "vdsds",
        "content": "vdsvds",
        "author": 1,
        "status": "new"
    }
},
{
    "model": "webapp.article",
    "pk": 46,
    "fields": {
        "created_at": "2025-07-04T14:16:19.575Z",
        "updated_at": "2025-07-09T13:51:37.065Z",
        "title": "vdsscacsacsads",
        "content": "vdsvds",
        "author": 1,
        "status": "new"
    }
},
{
    "model": "webapp.article",
    "pk": 47,
    "fields": {
        "created_at": "2025-07-04T14:17:08.835Z",
        "updated_at": "2025-07-09T13:51:37.066Z",
        "title": "vdsscacsa1111csads",
        "content": "vdsvds",
        "author": 1,
        "status": "new"
    }
},
{
    "model": "webapp.article",
    "pk": 48,
    "fields": {
        "created_at": "2025-07-08T14:20:40.111Z",
        "updated_at": "2025-07-09T14:10:42.141Z",
        "title": "New article 1111",
        "content": "cxsacsda",
        "author": 1,
        "status": "new"
    }
},
{
    "model": "webapp.article",
    "pk": 49,
    "fields": {
        "created_at": "2025-07-08T14:35:57.867Z",
        "updated_at": "2025-07-09T13:51:37.067Z",
        "title": "dccds",
        "content": "cdscds",
        "author": 1,
        "status": "deleted"
    }
},
{
    "model": "webapp.article",
    "pk": 50,
    "fields": {
        "created_at": "2025-07-09T14:19:43.435Z",
        "updated_at": "2025-07-09T14:24:53.256Z",
        "title": "Test tags",
        "content": "sxaxs",
        "author": 1,
        "status": "moderated"
    }
},
{
    "model": "webapp.article",
    "pk": 51,
    "fields": {
        "created_at": "2025-07-09T14:20:13.105Z",
        "updated_at": "2025-07-09T14:20:13.105Z",
        "title": "cdscds",
        "content": "cdscds",
        "author": 1,
        "status": "new"
    }
},
{
    "model": "webapp.article",
    "pk": 52,
    "fields": {
        "created_at": "2025-07-10T13:15:53.436Z",
        "updated_at": "2025-07-11T13:15:53.436Z",
        "title": "Article1",
        "content": "cascsacas",
        "author": 1,
        "status": "moderated"
    }
},
{
    "model": "webapp.article",
    "pk": 53,
    "fields": {
        "created_at": "2025-07-11T13:19:48.865Z",
        "updated_at": "2025-07-11T13:19:48.865Z",
        "title": "Article2",
        "content": "cwescwds",
        "author": 1,
        "status": "new"
    }
},
{
    "model": "webapp.article",
    "pk": 54,
    "fields": {
        "created_at": "2025-07-11T13:20:12.983Z",
        "updated_at": "2025-07-11T13:20:12.983Z",
        "title": "Article3",
        "content": "cwescwds",
        "author": 1,
        "status": "new"
    }
},
{
    "model": "webapp.article",
    "pk": 55,
    "fields": {
        "created_at": "2025-07-11T13:22:37.656Z",
        "updated_at": "2025-07-11T13:22:37.656Z",
        "title": "Article4",
        "content": "csdcdscsd",
        "author": 1,
        "status": "deleted"
    }
},
{
    "model": "webapp.article",
    "pk": 67,
    "fields": {
        "created_at": "2025-07-25T13:50:45.029Z",
        "updated_at": "2025-07-25T13:50:45.029Z",
        "title": "222211",
        "content": "11111",
        "author": 1,
        "status": "new"
    }
},
{
    "model": "webapp.article",
    "pk": 68,
    "fields": {
        "created_at": "2025-07-25T14:21:13.208Z",
        "updated_at": "2025-07-25T14:21:13.208Z",
        "title": "xewdxew",
        "content": "dxewxew",
        "author": 4,
        "status": "new"
    }
},
{
    "model": "webapp.comment",
    "pk": 1,
    "fields": {
        "created_at": "2025-07-08T13:37:42.818Z",
        "updated_at": "2025-07-08T13:37:42.818Z",
        "article": 1,
        "text": "test",
        "author": 1
    }
},
{
    "model": "webapp.comment",
    "pk": 2,
    "fields": {
        "created_at": "2025-07-08T13:39:05.176Z",
        "updated_at": "2025-07-08T13:39:05.176Z",
        "article": 1,
        "text": "comment",
        "author": 1
    }
},
{
    "model": "webapp.comment",
    "pk": 3,
    "fields": {
        "created_at": "2025-07-08T13:40:55.769Z",
        "updated_at": "2025-07-08T13:40:55.769Z",
        "article": 1,
        "text": "new text",
        "author": 1
    }
},
{
    "model": "webapp.comment",
    "pk": 12,
    "fields": {
        "created_at": "2025-07-25T13:52:15.035Z",
        "updated_at": "2025-07-25T13:52:15.035Z",
        "article": 67,
        "text": "testestetsd",
        "author": 3
    }
},
{
    "model": "webapp.tag",
    "pk": 2,
    "fields": {
        "created_at": "2025-07-09T13:51:37.054Z",
        "updated_at": "2025-07-09T13:51:37.054Z",
        "title": "Python"
    }
},
{
    "model": "webapp.tag",
    "pk": 3,
    "fields": {
        "created_at": "2025-07-09T13:51:37.058Z",
        "updated_at": "2025-07-09T13:51:37.058Z",
        "title": "JS"
    }
},
{
    "model": "webapp.tag",
    "pk": 4,
    "fields": {
        "created_at": "2025-07-09T13:51:37.060Z",
        "updated_at": "2025-07-09T13:51:37.060Z",
        "title": "Test"
    }
},
{
    "model": "webapp.tag",
    "pk": 5,
    "fields": {
        "created_at": "2025-07-09T13:56:46.380Z",
        "updated_at": "2025-07-09T13:56:46.382Z",
        "title": "New Tag"
    }
},
{
    "model": "webapp.tag",
    "pk": 6,
    "fields": {
        "created_at": "2025-07-09T14:19:43.430Z",
        "updated_at": "2025-07-09T14:19:43.430Z",
        "title": "hi"
    }
},
{
    "model": "webapp.tag",
    "pk": 7,
    "fields": {
        "created_at": "2025-07-09T14:19:43.432Z",
        "updated_at": "2025-07-09T14:19:43.432Z",
        "title": "test"
    }
},
{
    "model": "webapp.tag",
    "pk": 8,
    "fields": {
        "created_at": "2025-07-09T14:19:43.434Z",
        "updated_at": "2025-07-09T14:19:43.434Z",
        "title": "python"
    }
},
{
    "model": "webapp.tag",
    "pk": 9,
    "fields": {
        "created_at": "2025-07-09T14:19:43.435Z",
        "updated_at": "2025-07-09T14:19:43.435Z",
        "title": "code"
    }
},
{
    "model": "webapp.tag",
    "pk": 10,
    "fields": {
        "created_at": "2025-07-09T14:20:13.103Z",
        "updated_at": "2025-07-09T14:20:13.103Z",
        "title": "newtag"
    }
},
{
    "model": "webapp.articletag",
    "pk": 1,
    "fields": {
        "created_at": "2025-07-11T12:51:50.279Z",
        "updated_at": "2025-07-11T12:51:50.279Z",
        "article": 47,
        "tag": 3
    }
},
{
    "model": "webapp.articletag",
    "pk": 2,
    "fields": {
        "created_at": "2025-07-11T12:51:50.285Z",
        "updated_at": "2025-07-11T12:51:50.285Z",
        "article": 49,
        "tag": 2
    }
},
{
    "model": "webapp.articletag",
    "pk": 3,
    "fields": {
        "created_at": "2025-07-11T12:51:50.298Z",
        "updated_at": "2025-07-11T12:51:50.298Z",
        "article": 1,
        "tag": 2
    }
},
{
    "model": "webapp.articletag",
    "pk": 4,
    "fields": {
        "created_at": "2025-07-11T12:51:50.315Z",
        "updated_at": "2025-07-11T12:51:50.315Z",
        "article": 48,
        "tag": 2
    }
},
{
    "model": "webapp.articletag",
    "pk": 5,
    "fields": {
        "created_at": "2025-07-11T12:51:50.315Z",
        "updated_at": "2025-07-11T12:51:50.315Z",
        "article": 48,
        "tag": 3
    }
},
{
    "model": "webapp.articletag",
    "pk": 6,
    "fields": {
        "created_at": "2025-07-11T12:51:50.315Z",
        "updated_at": "2025-07-11T12:51:50.315Z",
        "article": 48,
        "tag": 4
    }
},
{
    "model": "webapp.articletag",
    "pk": 7,
    "fields": {
        "created_at": "2025-07-11T12:51:50.315Z",
        "updated_at": "2025-07-11T12:51:50.315Z",
        "article": 48,
        "tag": 5
    }
},
{
    "model": "webapp.articletag",
    "pk": 8,
    "fields": {
        "created_at": "2025-07-11T12:51:50.319Z",
        "updated_at": "2025-07-11T12:51:50.319Z",
        "article": 51,
        "tag": 2
    }
},
{
    "model": "webapp.articletag",
    "pk": 9,
    "fields": {
        "created_at": "2025-07-11T12:51:50.319Z",
        "updated_at": "2025-07-11T12:51:50.319Z",
        "article": 51,
        "tag": 10
    }
},
{
    "model": "webapp.articletag",
    "pk": 10,
    "fields": {
        "created_at": "2025-07-11T12:51:50.319Z",
        "updated_at": "2025-07-11T12:51:50.319Z",
        "article": 51,
        "tag": 7
    }
},
{
    "model": "webapp.articletag",
    "pk": 11,
    "fields": {
        "created_at": "2025-07-11T12:51:50.321Z",
        "updated_at": "2025-07-11T12:51:50.321Z",
        "article": 50,
        "tag": 8
    }
},
{
    "model": "webapp.articletag",
    "pk": 12,
    "fields": {
        "created_at": "2025-07-11T12:51:50.321Z",
        "updated_at": "2025-07-11T12:51:50.321Z",
        "article": 50,
        "tag": 6
    }
},
{
    "model": "webapp.articletag",
    "pk": 13,
    "fields": {
        "created_at": "2025-07-11T12:51:50.321Z",
        "updated_at": "2025-07-11T12:51:50.321Z",
        "article": 50,
        "tag": 7
    }
},
{
    "model": "webapp.articletag",
    "pk": 14,
    "fields": {
        "created_at": "2025-07-11T13:15:53.451Z",
        "updated_at": "2025-07-11T13:15:53.451Z",
        "article": 52,
        "tag": 3
    }
},
{
    "model": "webapp.articletag",
    "pk": 15,
    "fields": {
        "created_at": "2025-07-11T13:15:53.451Z",
        "updated_at": "2025-07-11T13:15:53.451Z",
        "article": 52,
        "tag": 5
    }
},
{
    "model": "webapp.articletag",
    "pk": 16,
    "fields": {
        "created_at": "2025-07-11T13:19:48.880Z",
        "updated_at": "2025-07-11T13:19:48.880Z",
        "article": 53,
        "tag": 3
    }
},
{
    "model": "webapp.articletag",
    "pk": 17,
    "fields": {
        "created_at": "2025-07-11T13:20:12.993Z",
        "updated_at": "2025-07-11T13:20:12.993Z",
        "article": 54,
        "tag": 4
    }
},
{
    "model": "webapp.articletag",
    "pk": 18,
    "fields": {
        "created_at": "2025-07-11T13:22:37.665Z",
        "updated_at": "2025-07-11T13:22:37.665Z",
        "article": 55,
        "tag": 3
    }
},
{
    "model": "webapp.articletag",
    "pk": 29,
    "fields": {
        "created_at": "2025-07-15T13:16:42.907Z",
        "updated_at": "2025-07-15T13:16:42.907Z",
        "article": 39,
        "tag": 3
    }
},
{
    "model": "webapp.articletag",
    "pk": 30,
    "fields": {
        "created_at": "2025-07-15T13:16:42.907Z",
        "updated_at": "2025-07-15T13:16:42.907Z",
        "article": 39,
        "tag": 4
    }
},
{
    "model": "webapp.articletag",
    "pk": 35,
    "fields": {
        "created_at": "2025-07-18T13:27:34.882Z",
        "updated_at": "2025-07-18T13:27:34.883Z",
        "article": 42,
        "tag": 8
    }
},
{
    "model": "webapp.articletag",
    "pk": 36,
    "fields": {
        "created_at": "2025-07-25T13:50:45.047Z",
        "updated_at": "2025-07-25T13:50:45.047Z",
        "article": 67,
        "tag": 3
    }
},
{
    "model": "webapp.articletag",
    "pk": 37,
    "fields": {
        "created_at": "2025-07-25T14:21:13.215Z",
        "updated_at": "2025-07-25T14:21:13.215Z",
        "article": 68,
        "tag": 3
    }
}
]
